x1,x2,species,id
0.428812314620698,0.197300419992852,class-0,1
1.01190331182675,0.321052333332164,class-1,2
-1.29151110109581,0.427097316791668,class-1,3
0.795703141699742,0.618663937480649,class-1,4
0.503284668816649,0.813073631629499,class-1,5
0.677146866357631,-0.24530054133253,class-0,6
0.264297821975433,0.725199472673184,class-0,7
0.745404197345402,-0.885915995959279,class-1,8
1.27364033215165,-0.49826788310035,class-1,9
-0.70555409177825,1.00800194724505,class-1,10
0.873516424469751,-1.49226878665986,class-2,11
0.689404936780267,1.10663778421809,class-1,12
0.998422823122174,-0.309153811356513,class-1,13
-1.66460973503377,1.62614279878311,class-2,14
0.061227608470173,0.074755323365632,class-0,15
0.316942617012163,1.90093561299457,class-2,16
0.884242305773811,1.16980095258855,class-2,17
-0.636859586928607,0.419660244812066,class-0,18
-1.48693597252712,-1.39851964806518,class-2,19
-0.180784363895491,-0.30656944713385,class-0,20
-0.537689697427863,0.303444750924045,class-0,21
1.2974214212897,0.114346891303689,class-1,22
0.046900565690211,0.696985522343057,class-0,23
-0.508389371258068,-0.660742036035308,class-0,24
0.161357924642508,-0.394797562924097,class-0,25
0.264644005121289,0.948121439100645,class-1,26
-0.296773260965696,-0.357906064629034,class-0,27
-1.82692854647783,0.943566881900744,class-2,28
0.594778595824586,0.368161695053457,class-0,29
-0.073068968407073,-1.06701658641788,class-1,30
-1.07907550006798,0.589139359027973,class-1,31
1.14280963877756,1.23836283251011,class-2,32
-0.355048644372152,1.27832947031872,class-1,33
-0.569651434158326,-0.766192471263446,class-1,34
-0.178609974547344,1.01754091660675,class-1,35
1.66207674101467,0.052775516297823,class-2,36
-1.03068940142047,-0.86188492899494,class-1,37
0.173676646138526,-0.701337191602714,class-0,38
1.00208521659041,0.517196834539014,class-1,39
-0.053744508969125,0.812957112365649,class-0,40
-0.671562100584263,0.112948032442034,class-0,41
-2.75101335658563,0.423673198749563,class-2,42
-1.11263056123814,-0.032690317001203,class-1,43
-1.38245992494609,1.54078581199475,class-2,44
-0.190157943738728,0.056742567162054,class-0,45
0.206646438098339,0.73849083260634,class-0,46
0.072377586281034,-0.021805338081835,class-0,47
0.193330666952733,-0.096273308202097,class-0,48
-1.81323328600305,-1.0586105905292,class-2,49
0.504712365650561,-0.480957470416114,class-0,50
-1.65643286517115,1.25643634234519,class-2,51
2.18805675928863,0.531990607611804,class-2,52
-1.35740295978621,-0.262783388982469,class-1,53
0.77383274364228,1.12217502880169,class-1,54
-1.32857965772399,-0.01134518977528,class-1,55
0.172594103914866,-0.442725052184662,class-0,56
1.0967006321083,1.42396227176981,class-2,57
0.926244321524891,-0.473571233771308,class-1,58
-0.732753629689996,-0.701671910024076,class-1,59
0.499089795053323,0.563459954183239,class-0,60
-0.878786888332108,1.08296277101911,class-1,61
-0.777390075858905,0.693324690332601,class-1,62
-0.43635946871824,-2.40786832692689,class-2,63
0.52376021744568,0.271421493800942,class-0,64
-0.680951075806754,-0.90178158670082,class-1,65
0.782837164737892,-1.43977421311008,class-2,66
-1.44184442599971,0.857330765560618,class-2,67
-1.69995972068302,-0.259391755937256,class-2,68
0.046114106201044,-0.050852521241075,class-0,69
-0.219480553214329,-0.986326763925058,class-1,70
-1.4255933154781,0.812914244897471,class-2,71
-1.0633124788617,-0.714246111053592,class-1,72
-0.822431577254863,1.3169588366867,class-2,73
-0.345393154670047,-0.274898757885616,class-0,74
-0.669386052771135,-1.02040456383224,class-1,75
0.173916083833763,-0.169250884056307,class-0,76
1.71885049040482,-0.287106692530249,class-2,77
-0.322013177207836,-0.240993193855196,class-0,78
0.094308578928966,1.72748273803099,class-2,79
-0.389596606858792,0.553833331781546,class-0,80
-1.84032903623417,1.61017152937861,class-2,81
0.320277410971096,0.175494967960992,class-0,82
2.1289465557456,0.688678023685426,class-2,83
-1.15674967033606,-1.53784732592887,class-2,84
1.49736897093413,-0.504552437084218,class-2,85
-0.396435829431415,1.39662847950731,class-2,86
0.408304463417837,-0.310558090678582,class-0,87
-0.657149830788564,0.342351179029607,class-0,88
-0.019975428719903,-0.666520481273515,class-0,89
-1.56732915352453,0.378347195607264,class-2,90
1.89673818199657,-0.723115630638947,class-2,91
-1.21810797154932,0.653501952055862,class-1,92
0.386965298854542,1.36765733147015,class-1,93
0.431120964097409,-0.63529160468609,class-0,94
-1.70020487454807,0.528303034666918,class-2,95
-1.56089090275407,-1.42803083310076,class-2,96
0.656481211835092,-0.490772129822881,class-0,97
-0.831881243423874,-0.109232430186545,class-0,98
-1.75636103163849,0.178650728589035,class-2,99
-1.27282461206151,1.34540619061167,class-2,100
-1.37672970250363,-0.464221097433226,class-2,101
0.037311174662162,-0.499675324947981,class-0,102
-1.80451317928704,-0.369431689460699,class-2,103
1.23901299201597,2.68434574242331,class-2,104
0.865926618305102,1.00146862553414,class-1,105
1.19409524994615,-1.11619761135969,class-2,106
0.804501055948959,0.916083224196654,class-1,107
-0.077993396585056,1.37089918830977,class-1,108
0.235762132401405,-0.018249965200519,class-0,109
1.09505886648139,0.829283913425887,class-1,110
-0.996592736322951,-1.23232114703744,class-2,111
1.6394886594175,-0.099292710041656,class-2,112
0.678843870526199,-0.019195550400831,class-0,113
0.042482538923175,-1.00389107921884,class-1,114
0.654105595856611,0.866990219728272,class-1,115
0.200239573461479,0.008279274333434,class-0,116
1.12479864459319,-0.799394076161435,class-1,117
2.28980579746046,1.9275693851782,class-2,118
0.83289932859739,0.251787706893939,class-0,119
-0.558109357705956,-1.69211888855722,class-2,120
0.701255559176727,0.18160906625351,class-0,121
-1.62111947705618,-0.325725776737088,class-2,122
-0.061553337935195,-0.042189700460535,class-0,123
-0.241343774406505,0.168401956935473,class-0,124
1.07112457378465,-0.728156776067787,class-1,125
1.22715167412279,0.454363707498659,class-1,126
-0.616605054045497,-0.376176602781688,class-0,127
-0.437608256756966,1.05874382991481,class-1,128
-0.560186525218209,-2.02246158472089,class-2,129
0.529016299892109,0.056954440254898,class-0,130
-1.18591100923285,0.344897008249919,class-1,131
-0.604339071563312,-0.075817395818213,class-0,132
-1.10824715271787,1.59408213195184,class-2,133
-0.31036637819207,-0.968929348248582,class-1,134
-0.604662067495216,0.825726362947179,class-1,135
-1.38293495031678,-1.18090345157081,class-2,136
-0.863959116835214,-1.38345351806866,class-2,137
0.811940328395292,1.33783102096612,class-2,138
-0.168589620810749,-0.647688025683431,class-0,139
1.12629655932415,0.77325432131705,class-1,140
0.717793495123813,-0.535421877333349,class-0,141
-0.709378707557861,1.87617341322771,class-2,142
0.040986789775942,0.829473929231466,class-0,143
2.01983789165426,-1.83039113190915,class-2,144
-0.060520522306309,-1.0516948880997,class-1,145
0.713219820395986,-0.079061983658276,class-0,146
-0.836627929290631,1.58322552969251,class-2,147
1.54609016823471,0.811143259109911,class-2,148
-1.287947389518,-2.63143188341991,class-2,149
1.36812980770887,-0.356290294604784,class-1,150
0.901551256574764,1.06014770520266,class-1,151
-0.077533815193994,0.634540288057225,class-0,152
0.23394745213454,-0.382678437551868,class-0,153
1.26457837733846,-0.463164866471466,class-1,154
-0.747378228746292,-0.531363866863689,class-0,155
-0.013602834445322,1.45735855827102,class-2,156
-0.217952053268646,-1.11065219624969,class-1,157
-0.301255235326801,-0.317345592728608,class-0,158
-0.628384090995138,-0.321662515058419,class-0,159
-0.079527267708199,-2.39368415173413,class-2,160
-1.11447582687135,-0.368979445109922,class-1,161
1.19689495180242,0.083080514282051,class-1,162
-1.29919551831234,-0.374059649591285,class-1,163
0.63490780411372,-0.508717221097844,class-0,164
0.187802547891088,-1.59371701535103,class-2,165
1.25597292043115,-0.419161941833972,class-1,166
-1.08453379329205,-1.01624917445825,class-2,167
1.05109512069933,0.820759303981306,class-1,168
0.033725391762127,1.88308225306973,class-2,169
0.737291316547052,-0.158616677051322,class-0,170
-0.846611709133329,0.731246506670406,class-1,171
-1.34548483625222,0.682059508576801,class-2,172
-0.82311806134808,-0.164179411620505,class-0,173
0.325176796529064,-0.166724033086839,class-0,174
0.947362399459964,-0.704325190208531,class-1,175
1.93745489693842,-0.156039766693184,class-2,176
0.958204917294234,-1.96643926913605,class-2,177
-0.207631052982379,-1.7499778742188,class-2,178
-1.94788663726347,0.783718781814566,class-2,179
-0.51331122832337,0.02772168847657,class-0,180
1.13873477427361,1.97025844863414,class-2,181
-0.231484986000212,-0.012012073299463,class-0,182
-0.86303490708299,-1.62293300268124,class-2,183
0.747702115131647,0.948706917493066,class-1,184
0.40272221687282,-0.911173976350829,class-1,185
-0.846912328316979,1.71984621110259,class-2,186
1.13203498629504,2.1990981805567,class-2,187
-0.183487242998507,-1.66980015309635,class-2,188
-0.221826781256292,0.674401241494319,class-0,189
1.6582073726118,0.78629256339461,class-2,190
-0.897046430645255,-0.673046845127012,class-1,191
0.380198369153394,-0.179606497786176,class-0,192
0.164607845308155,-0.041737132376479,class-0,193
-0.99623205622252,-0.061543273880049,class-1,194
1.24318343721436,-0.898813188034902,class-2,195
0.849619467450705,-0.443858350449337,class-1,196
-0.644386928798028,-1.99494528581329,class-2,197
-1.4445574435248,-1.66127949327777,class-2,198
0.587137684212848,-1.12847362974755,class-1,199
0.632442466367848,0.289952440749848,class-0,200
-0.359022563855786,0.23212851185867,class-0,201
0.631056518021506,-0.65408000981432,class-0,202
0.43145383399476,0.878195463753168,class-1,203
-0.297797399544289,-1.17670351453247,class-1,204
0.130874119948626,-0.738632193641804,class-0,205
-0.382816984424854,-1.31337486647524,class-1,206
0.582167044480058,0.157162349868818,class-0,207
1.98876802391455,0.334118649629996,class-2,208
-0.428500004822085,-0.820468092913088,class-0,209
0.307064516570243,-0.131402906022238,class-0,210
-0.540153388374251,0.314052967599859,class-0,211
0.404257195013452,-0.884015454559206,class-1,212
-1.09411529266801,0.755901216596352,class-1,213
0.311701802131219,-0.448768224488631,class-0,214
0.510279010532071,0.997812718264028,class-1,215
-0.943383049369936,-1.12390146686509,class-2,216
-0.366827665907078,1.49777654124202,class-2,217
1.10685018218982,-0.114059172372356,class-1,218
-0.741393276630257,1.66080240193791,class-2,219
-1.37399954742331,-0.269002775883109,class-1,220
-0.401987557675635,0.730362190333947,class-0,221
0.528517884394926,1.28139254898284,class-1,222
-0.623576091202015,-1.00866231438346,class-1,223
1.3314788073978,0.761803778086783,class-2,224
-0.271481467606935,0.155522425954996,class-0,225
0.229641416389869,-0.921949527065061,class-1,226
0.679512254079411,1.09670643034013,class-1,227
-0.903343486296998,-0.089225452916664,class-0,228
0.315040489181615,-0.166383329358324,class-0,229
0.180583206608363,0.145238716781665,class-0,230
1.24626734312298,-0.562090325304194,class-1,231
0.415976621217802,-0.797993402181477,class-0,232
-0.84261992139023,1.00305130966118,class-1,233
0.198996513791933,0.166109143937885,class-0,234
2.1143317147301,-0.953418902377675,class-2,235
-0.40421701197361,0.129411258275598,class-0,236
-0.904514688989433,-0.303092944394692,class-1,237
-1.67000547437489,-0.531661900319668,class-2,238
-1.13173671931764,-0.858147245896663,class-1,239
-1.79593655133669,-0.661175634828265,class-2,240
0.151012290557819,-0.283267508839467,class-0,241
1.21073953893909,0.619037198286294,class-1,242
-0.056539743981734,-1.30223920901632,class-1,243
-1.6890584493289,-0.719319990129553,class-2,244
-0.770567914386181,-0.400735569187391,class-0,245
-2.07342088893638,-0.429051926847851,class-2,246
0.758106198517472,-0.08721559841565,class-0,247
0.010175070741431,0.184942282874409,class-0,248
0.737252532943198,-1.09161119462821,class-1,249
-1.85993486182661,-0.605345403377281,class-2,250
0.079976494778071,1.6117905913124,class-2,251
0.324399971787911,-0.357911090381162,class-0,252
-0.877642419759575,0.782493494700622,class-1,253
-0.057090445813469,-0.197717342277629,class-0,254
0.434831220766845,-0.322751026118435,class-0,255
0.675409118931041,-0.132643144259125,class-0,256
0.963296604859499,1.45048078489589,class-2,257
-0.023977302497964,0.441271534521688,class-0,258
-0.503145251901581,1.44399666557455,class-2,259
-0.177420438208497,-1.35552949957627,class-1,260
0.330290863133141,-2.48856226179148,class-2,261
0.829324823928159,-0.581837831917021,class-1,262
0.312491680257139,0.319333189693386,class-0,263
0.484257566594302,0.533746103741573,class-0,264
-0.084562999143808,-0.672278272187599,class-0,265
1.03307498459852,1.01184708363941,class-2,266
1.00890205539053,-0.9524352307904,class-1,267
0.608365542894837,0.524326035997905,class-0,268
1.90594134845756,-0.463167613072791,class-2,269
0.367232299422213,1.58804415606958,class-2,270
-0.168506630934868,0.199487942277413,class-0,271
2.04581728808829,0.771038919953255,class-2,272
-1.58610165882196,-0.66297878008922,class-2,273
-0.887758005211235,0.114869043538882,class-0,274
1.24914064169112,-0.300093961237384,class-1,275
0.057136355161263,0.924195465990201,class-0,276
0.239308466820346,1.42932426271285,class-2,277
1.35607814680671,-0.794560527408554,class-2,278
0.757905396111012,1.45910715730198,class-2,279
-0.357107192248919,-0.244684508834131,class-0,280
0.311448155824712,-0.119435873943719,class-0,281
0.471073280943453,0.218346433397897,class-0,282
0.852351356894472,-0.684518212216969,class-1,283
-2.59054597312006,-0.048965189022224,class-2,284
0.086072864993675,0.638783079448209,class-0,285
1.52229756334448,0.076734238716512,class-2,286
0.67021165563331,0.071763430715052,class-0,287
-1.29353574359366,1.07795389510576,class-2,288
-0.703062898001144,0.433967422465048,class-0,289
0.425302404227862,2.21873967720084,class-2,290
1.4812385485888,-0.478577444621467,class-2,291
0.794140060076179,-0.220254601496088,class-0,292
0.178655481012913,0.435084397966274,class-0,293
0.131719889534316,-0.898860606958593,class-0,294
0.119296705022017,-0.06695990329714,class-0,295
0.006464187197597,-0.557354983655388,class-0,296
-1.03015613346359,2.40074496945932,class-2,297
0.26320292299676,-0.415688200289563,class-0,298
1.49819528691515,-0.130306591349112,class-2,299
1.5511550445957,-2.16638084341578,class-2,300
0.523777211558679,1.23056042886921,class-1,301
-1.99132204738021,0.260517421853753,class-2,302
-0.463322364836606,-1.03465762043693,class-1,303
-0.026636644445164,-0.588236459587683,class-0,304
0.460329873179814,-1.34954884817437,class-1,305
-0.009086574726256,0.303122961591843,class-0,306
-1.35272853780429,0.38743187158426,class-1,307
1.03823959286576,0.086367567073424,class-1,308
0.560015147407927,-2.01901922504088,class-2,309
-0.53998763572569,-1.09197547466615,class-1,310
-0.782023865107439,0.002761835883936,class-0,311
-0.0502829743625,-0.639123522471964,class-0,312
-0.133888926565716,-1.00697947344664,class-1,313
-0.803972398806978,0.746088119539684,class-1,314
0.6024660957009,1.04185214374803,class-1,315
0.34261239821389,0.220069632966719,class-0,316
1.23176822948949,-1.64046135705641,class-2,317
0.768179564462847,-0.333171664830927,class-0,318
0.9034490360911,0.060608835674933,class-0,319
0.562344039234167,-0.387800108866273,class-0,320
-1.45760767899551,0.271037800762125,class-2,321
1.45670995006179,0.31181418347726,class-2,322
-1.41497587187605,-1.29989427929632,class-2,323
0.281735063829374,1.56833927603012,class-2,324
1.18417252766015,0.299774563721565,class-1,325
0.597731708113624,1.29997404672575,class-1,326
0.349812342548864,0.577025826668453,class-0,327
-0.262540323282062,-0.501365419483952,class-0,328
-1.5403374931214,-1.39379336647002,class-2,329
1.10563169152407,0.921703485100353,class-1,330
0.455689668667251,-1.0817028395804,class-1,331
-2.71410730049109,-0.799498333163487,class-2,332
0.519614459847802,1.62834595939136,class-2,333
-0.698950439463601,1.25221290975982,class-1,334
1.0622343303496,-0.46743434382497,class-1,335
0.860204242020484,-2.12951307411004,class-2,336
0.046771430840847,-0.107152881035537,class-0,337
-1.62395720876104,0.161563013439989,class-2,338
0.241866701513541,-0.969523889519979,class-1,339
1.33580566649149,-0.140834362805857,class-1,340
1.091551424314,0.533014079151139,class-1,341
-2.62378823554927,-1.22067004968191,class-2,342
-0.833800001635595,2.1823565011927,class-2,343
0.031022936999807,0.623522102950759,class-0,344
-0.081951785063096,1.09082266785552,class-1,345
-1.45279589588835,-1.39715799821808,class-2,346
-0.179149757663429,-1.26801420738338,class-1,347
0.880507663878539,0.496088496292565,class-1,348
0.276709043904985,0.732140563485116,class-0,349
1.29140354821601,-3.3868137614883,class-2,350
-0.972949779316665,0.209446932296417,class-1,351
1.57306036606416,-1.60876866320452,class-2,352
0.842038397324706,-0.809288287244291,class-1,353
0.13829868978581,-0.339914505769217,class-0,354
-0.183193918221925,0.651161460652313,class-0,355
-0.280104524179971,1.62263753803542,class-2,356
0.961854356204938,-1.12742305614651,class-2,357
0.726003432567668,-0.940644897640914,class-1,358
0.247811279514526,1.28314030529808,class-1,359
-0.424199022028111,-0.940148914436713,class-1,360
2.1365207452901,-1.263708293979,class-2,361
0.5726081079141,0.348690451757246,class-0,362
-0.432001604250939,2.33375653370556,class-2,363
0.145345802750635,0.616436422521736,class-0,364
-0.083601138590921,-1.92448816104885,class-2,365
1.62160009976632,-0.621627174035903,class-2,366
0.933783912872343,-0.325362878351415,class-1,367
-0.903426416368944,-0.708267739403013,class-1,368
1.08452704649509,0.489940582800073,class-1,369
0.937258089563939,1.52133016133217,class-2,370
0.282788696483677,-0.290710743353219,class-0,371
0.555588684668937,2.42928264295125,class-2,372
0.054351478547017,-1.3434269671217,class-1,373
-0.964294639756368,0.935881556271716,class-1,374
0.490636221422715,-1.0279027657137,class-1,375
0.450266634639487,0.219309635580174,class-0,376
-0.988268858176809,-1.78270474344802,class-2,377
-0.615229190707923,-1.64125320235986,class-2,378
0.066814883177406,1.07692282529285,class-1,379
0.145892535916858,-1.8260454107319,class-2,380
0.009044208198964,2.10373191781631,class-2,381
-0.763148823143714,0.135753879917665,class-0,382
0.725766823163033,-0.458956885824574,class-0,383
-0.523544381286857,-0.037356841241939,class-0,384
0.445538846529005,1.11119935665328,class-1,385
1.46128427753524,-1.84391478826528,class-2,386
0.707045894134071,2.74864493448389,class-2,387
-0.454168586159589,0.33960185342169,class-0,388
-0.153488031968967,-2.05980498740832,class-2,389
-0.132565677344897,-0.372568842376449,class-0,390
-0.456105735140571,0.96513359057238,class-1,391
-2.76106196615599,-0.416702600234334,class-2,392
-0.470661361727802,1.45019263063469,class-2,393
2.01203413096061,0.136172883064827,class-2,394
0.864529908540795,1.51888658145266,class-2,395
0.064621031180532,-1.66715633717736,class-2,396
0.613059175766326,-0.861404634782971,class-1,397
0.172184092240157,-0.067914737562533,class-0,398
-0.245665275959404,0.861634662972146,class-0,399
0.123230272914662,0.709461817429855,class-0,400
0.823309452104184,-1.04987924089275,class-1,401
-0.829037458353208,0.201700559916547,class-0,402
-0.324773473279175,2.30039564268517,class-2,403
0.229872208123938,1.47988609991384,class-2,404
-0.510334983207748,0.211749718081127,class-0,405
-0.700652654344555,0.88264807701312,class-1,406
-0.178219480385237,-1.36424775521791,class-1,407
-0.158935735328781,-0.418471030517196,class-0,408
-2.84348529205178,0.020493012926025,class-2,409
-0.254899844868459,0.443613922682178,class-0,410
3.4958777896001,-1.46340595842669,class-2,411
-1.26803554950115,0.12332907439054,class-1,412
0.46999826076317,1.91471230599799,class-2,413
0.36752230250937,-0.616220553406608,class-0,414
2.26425812793778,0.682096227599893,class-2,415
0.263569073535484,-0.327052558754096,class-0,416
1.12569281601692,-1.19913723434827,class-2,417
-0.19600683347169,-1.66262632225136,class-2,418
0.447399346466792,-0.755503334599755,class-0,419
0.35973676435746,0.168706261095203,class-0,420
-1.01004593928382,-1.06290968245312,class-2,421
-0.96927768733215,0.154696749345323,class-1,422
-1.74282433173358,-0.004961984040038,class-2,423
-0.208928486879577,1.26792213333189,class-1,424
-0.805605398426259,1.01213646090853,class-1,425
1.47032077203649,0.325431758536298,class-2,426
0.072363510990797,0.214543344956964,class-0,427
1.01086224037184,-0.130515079896994,class-1,428
-0.537674581193442,1.06852088338694,class-1,429
1.49903440465943,0.000421259237118,class-2,430
0.851069214020614,1.50057136896267,class-2,431
0.380078708441773,-1.11861933443356,class-1,432
1.06759930081249,0.84832950037633,class-1,433
-1.19371098766083,-0.301346449691551,class-1,434
0.554940199567337,-1.44858980251624,class-2,435
-0.50210300409888,0.558690966033275,class-0,436
0.519864852012269,1.94360304818317,class-2,437
0.866319950262057,1.60764092111622,class-2,438
0.080706626386741,-0.63118976944338,class-0,439
-0.789141628392602,0.345613416385369,class-0,440
-0.701834162988442,-0.237281181090326,class-0,441
-0.838689523703893,0.402821721082977,class-1,442
0.313537967283515,-0.881433608458074,class-1,443
-0.368225275241091,-0.459730731374227,class-0,444
-1.09391423021224,0.878882334075645,class-1,445
-0.944195644376597,-0.485862688404304,class-1,446
0.536391372284459,0.306937707359552,class-0,447
-0.106651291436396,1.39042747440638,class-1,448
0.56568707966939,-0.060731410385493,class-0,449
0.470602600775045,0.730113356509735,class-0,450
1.05850430045118,-0.480377490980322,class-1,451
-0.369697055971087,-0.365098222740664,class-0,452
0.173304699285794,-0.956277457565133,class-1,453
-2.01195802749981,-0.011390408478732,class-2,454
0.770638678950138,-0.820457849555669,class-1,455
-0.497267613922338,-0.640904349248083,class-0,456
-2.0084837161435,-0.317288565663825,class-2,457
0.461512405015809,0.903480708540681,class-1,458
0.108521276072356,-0.417838324121353,class-0,459
0.398443863356682,0.437231097547041,class-0,460
1.19416018252446,1.56537267458465,class-2,461
0.676647939299281,1.4444874889465,class-2,462
-0.165771197601455,-1.08174748729884,class-1,463
0.157447924960767,-0.486356893549813,class-0,464
-0.557281124104081,-1.0640342352011,class-1,465
0.356166877224842,0.048674838326826,class-0,466
-2.92492517919668,1.24781119791625,class-2,467
0.364250212222989,0.226459031113447,class-0,468
0.45696736453347,1.31290265391978,class-1,469
-0.488687630151009,1.34912634816841,class-1,470
0.294524742453856,-1.71749573414076,class-2,471
-0.562613482828656,2.27824870318125,class-2,472
1.36699043267884,0.233205963985207,class-1,473
-0.416654787878257,-0.259847417003126,class-0,474
0.187164020486162,0.22992646789343,class-0,475
-0.965785020138945,0.426826974766011,class-1,476
-1.22031737721578,-0.71868192544328,class-1,477
1.00241645867201,1.08472614217495,class-2,478
-1.76945859531659,-0.624636642674114,class-2,479
1.6019475065124,1.68049563041465,class-2,480
0.783486321592103,0.442624189233345,class-0,481
0.416236366927596,1.07618332133032,class-1,482
-0.989613959002816,-0.243903221325463,class-1,483
0.551394549591397,0.702692384818765,class-0,484
1.96847630842655,-0.45196898961449,class-2,485
0.755119243972559,2.50461668027157,class-2,486
-0.647315408330037,0.218992523333992,class-0,487
0.693878444980654,1.59607973553315,class-2,488
0.511737669079005,-0.855330514389258,class-1,489
-1.2614189917514,0.507341021892875,class-1,490
-0.426427025113167,0.08966225110826,class-0,491
-0.854576180368325,-1.63970911887029,class-2,492
0.664955457735716,-0.988163347670409,class-1,493
-1.74874607613639,1.98108089392922,class-2,494
0.239588880724169,0.484159118932953,class-0,495
-0.260954832959258,-1.28777544529824,class-1,496
0.206247545737863,-1.20514179220428,class-1,497
0.652121871455536,0.132337827353364,class-0,498
0.019154915057859,0.229700747167855,class-0,499
-0.358846416912919,0.05662845181217,class-0,500
0.038591862732281,0.411182159584289,class-0,501
1.60611949183129,1.56245950686211,class-2,502
-0.90491465205601,1.45506058248177,class-2,503
-0.802202284236201,-0.375376955593088,class-0,504
2.23974303992786,0.460070606347438,class-2,505
2.08234874409558,-1.15731998698448,class-2,506
0.390613177729362,0.792932940485918,class-0,507
1.31415181134779,-0.441605223421021,class-1,508
-0.508455340029744,-0.115172927769942,class-0,509
-0.415509516389691,0.647408878574803,class-0,510
1.25431353293864,-0.200794996868624,class-1,511
0.137276135678289,1.16220078904075,class-1,512
0.738080374909651,0.110889478887768,class-0,513
0.188846357130914,-1.6741856988139,class-2,514
0.774124900678212,0.630959077022913,class-1,515
-0.196188145852466,-0.671143606763121,class-0,516
-0.828927613004895,-0.621701556238888,class-1,517
0.009226434144327,1.25888337328953,class-1,518
-1.47169144267069,-0.262173702863841,class-2,519
0.66471408630889,0.090968976775409,class-0,520
-0.415001582335119,-2.52971621060546,class-2,521
-0.996817302496964,0.064759761704566,class-1,522
-0.994276711688954,-0.374964077947793,class-1,523
1.43543578583935,-2.20935160582334,class-2,524
0.74908984425307,1.10878838247537,class-1,525
0.596643833533712,0.769531469050999,class-1,526
-0.831399467267453,0.697586600347178,class-1,527
-2.29811158712975,-0.518680582135718,class-2,528
1.37402134213312,-1.54281314206997,class-2,529
0.788899298033451,-0.271912001073436,class-0,530
0.350341779228397,0.297856094206021,class-0,531
1.05459351622706,0.198902662150327,class-1,532
-0.729079163102699,1.04791296913058,class-1,533
-0.797959477741444,-0.14473065128572,class-0,534
-0.073845927164549,0.796575507529002,class-0,535
0.482694051616154,-0.927512193525404,class-1,536
0.15161882736063,0.025426702611635,class-0,537
-1.01733365675477,0.032401441369674,class-1,538
0.955707956121082,1.91900089321861,class-2,539
-0.217540748583944,-1.48900035512397,class-2,540
0.94850820371667,0.034852876391766,class-1,541
-0.572297052784066,-1.32100649586517,class-1,542
-0.2726780315801,0.243011857009701,class-0,543
0.571878066178356,-0.748783588644016,class-1,544
1.69002384541794,-0.385382401062678,class-2,545
1.63879193133393,0.610058767556204,class-2,546
-0.093680061938365,-0.820891139505671,class-0,547
0.86531690202038,0.764096078496275,class-1,548
2.92075256588588,-0.91286431776363,class-2,549
-1.58125757091948,0.036110175330128,class-2,550
0.442079036801008,1.22113107852649,class-1,551
-0.435830340921512,0.06929406054889,class-0,552
-0.048606894872816,0.448613103318162,class-0,553
-0.811489677733524,0.388720123051109,class-0,554
-1.88044305512484,0.493172003201721,class-2,555
-0.79312534516715,1.06081368625539,class-1,556
1.09306858661321,0.575369627192375,class-1,557
-0.097723053070919,1.41170937593146,class-1,558
0.131190090343883,0.086428517078435,class-0,559
-2.42720325767826,-0.870391633753657,class-2,560
0.155427330742937,2.46573395541993,class-2,561
-0.574949955386877,-0.352444865776018,class-0,562
0.660010593117118,1.43524702647254,class-2,563
-1.01703666939145,0.941257854794798,class-1,564
0.133151211424286,0.301420515516767,class-0,565
-0.332654818078272,1.26763937606046,class-1,566
1.23321470393875,1.97340959024846,class-2,567
0.719351449290835,0.542298769305741,class-0,568
-0.130459869039365,-0.395305477439746,class-0,569
-0.683593800164923,0.709533577307375,class-1,570
-0.882459048232249,-1.42357064218113,class-2,571
0.62683365702813,0.186487953966951,class-0,572
1.13448052008432,-0.812404998989764,class-1,573
-1.77835096726538,-0.65494596080269,class-2,574
0.898139720816636,-1.07542277684467,class-1,575
-1.38110975591475,1.38514892521232,class-2,576
-0.570671348613325,0.734218218708196,class-1,577
-0.274177513364423,-0.090928172823675,class-0,578
-1.26689447152385,0.044259386070329,class-1,579
0.869935652448026,1.11516677408901,class-1,580
-0.76017305511522,0.177916807009872,class-0,581
-0.311901983108879,0.513232426815183,class-0,582
0.856450680015159,1.76355744000672,class-2,583
1.9438768931086,-1.62291124745117,class-2,584
-0.738535425501186,-1.09204579945096,class-1,585
-0.317573198823738,-0.675461444855778,class-0,586
-1.078537072512,-0.894937353541365,class-1,587
-0.942065901562366,0.454013801716767,class-1,588
1.6692287546403,2.43440863323768,class-2,589
1.51681286712987,0.357838348671024,class-2,590
-0.691317371016777,-2.22361203099553,class-2,591
-1.14129040475605,0.657060068759008,class-1,592
0.150223354936872,-1.96244022484685,class-2,593
-1.94398742948513,2.69971414041951,class-2,594
0.739305840832297,0.816339155938344,class-1,595
0.539473373693372,0.216906443732363,class-0,596
-0.254248131412734,0.041368543998891,class-0,597
-0.205212974499196,0.85788310613143,class-0,598
0.060136977968292,0.34758910256277,class-0,599
2.42914432201215,1.30031319213559,class-2,600
-0.619934187404896,2.40737758393122,class-2,601
0.469559169352927,-1.0065609910879,class-1,602
1.07539344564608,0.363119341671357,class-1,603
-0.161061503013802,0.405040543437186,class-0,604
0.218075508652724,0.020947365525143,class-0,605
1.86068444587054,0.859310097693445,class-2,606
-0.992342839874851,0.385884383084326,class-1,607
-0.486757008509285,0.141835167142903,class-0,608
-0.013172988522327,-0.190528367663678,class-0,609
1.06534762654163,-0.634343105835678,class-1,610
-0.01830348402149,0.397244609241453,class-0,611
-0.954061747746322,-0.953604613019698,class-1,612
0.027322760864174,-1.28317742792981,class-1,613
-2.58037165596512,0.513549025019274,class-2,614
-0.582111593790428,-0.588038578458875,class-0,615
2.67351097039648,0.956833731156097,class-2,616
-0.410634691980801,-0.507383681746099,class-0,617
2.46720371081249,-0.992358286490514,class-2,618
0.801514318877009,0.977315301051468,class-1,619
-0.820121720096209,-1.93576554721124,class-2,620
-1.81079760055963,0.483063359261324,class-2,621
-0.238606769256296,1.28656482217061,class-1,622
0.899435040755722,0.744584027199679,class-1,623
-0.55820853283182,-0.182074470091926,class-0,624
-0.603207896117622,-0.636525723175602,class-0,625
-1.32771589575661,-0.015819710262068,class-1,626
-0.062109329920185,1.22883929507255,class-1,627
0.560892722681806,-1.25339117122415,class-1,628
0.648137269907533,0.755854959759939,class-1,629
0.043874963760716,0.378666234251412,class-0,630
0.263928153504887,1.69160216537741,class-2,631
1.24452991067664,0.01008296688121,class-1,632
0.802804058213221,2.89651860551975,class-2,633
-1.26414413502766,-1.09343658209641,class-2,634
-1.2062713092828,-1.28026840936294,class-2,635
-0.406202238621833,-1.16230715638762,class-1,636
0.048280280399407,-0.429607443958124,class-0,637
-0.41142097265937,0.528748845799661,class-0,638
-0.027158433404076,0.574308440838484,class-0,639
1.78207831806148,-1.06518468408345,class-2,640
-1.08545607689622,0.708421042894582,class-1,641
0.446000094667186,-0.703271522563473,class-0,642
-1.07362900600211,0.364273405804439,class-1,643
-0.349978127154417,0.549474792498734,class-0,644
2.33328932164978,1.95523003090778,class-2,645
-0.834313074040572,0.583442978498067,class-1,646
-0.142007613029527,-0.758852131037638,class-0,647
-0.564377214018521,-0.071092625687265,class-0,648
0.174459294836702,-0.836288118725387,class-0,649
0.647267486440488,-1.85872737109367,class-2,650
0.373481187732161,-0.708785080246539,class-0,651
1.13770620271478,0.349594999360297,class-1,652
-0.001146789075464,-0.722067992995628,class-0,653
0.418576682660083,-0.327013685993488,class-0,654
0.373058935320637,2.00194596680297,class-2,655
-0.796016065215878,-0.559662689783966,class-1,656
-0.274228357054531,-0.999312757650137,class-1,657
0.704177122481136,1.12111487994912,class-1,658
-1.59432849328146,1.69356646952829,class-2,659
0.947984119856982,-0.135109267190838,class-1,660
1.2163120393494,0.16713921321063,class-1,661
0.245018595460467,-0.197429538642039,class-0,662
0.935392053798128,-0.204093297015587,class-1,663
0.21489575383822,-1.40704221354243,class-1,664
-0.141222535654251,1.34028257033399,class-1,665
-1.93137686079304,0.87024899391131,class-2,666
-0.075823621518263,0.875507980511509,class-0,667
-1.38199532259319,0.249901709117727,class-1,668
-0.833984354199467,-0.139292011776629,class-0,669
0.697065274014387,-0.239166380069038,class-0,670
1.13938101483562,0.41802617841187,class-1,671
1.29194669656687,1.34882942043915,class-2,672
-0.304804089517739,0.738915471043683,class-0,673
-0.170179666506552,-1.31406730853404,class-1,674
-0.150835620606556,-0.23699917106016,class-0,675
-0.602105352781259,0.273366745971925,class-0,676
-0.420113561576018,-0.682782358421069,class-0,677
-0.360409985569854,-0.274285030712601,class-0,678
-0.813354647788917,-0.205280274194979,class-0,679
0.919705293227165,1.05786852767474,class-1,680
-1.52470544998781,-1.35355985613439,class-2,681
-1.23077554576608,-0.260340490721761,class-1,682
0.083189716721514,-1.52017570555844,class-2,683
0.962668919585532,2.3637178692967,class-2,684
-0.907126346255251,1.05665528377279,class-1,685
-0.866722974628453,-1.2257678167576,class-2,686
0.292651387400598,0.007996899617266,class-0,687
2.30702091695361,-0.178775083782906,class-2,688
0.354617568017944,-0.044954586772383,class-0,689
-0.889448749239548,-0.328482971410534,class-1,690
0.366457166297972,-0.256954490353499,class-0,691
0.654654162908008,0.184652775904601,class-0,692
-0.245849978977997,-0.614236618548697,class-0,693
-0.705425648079176,0.062315645430537,class-0,694
-0.432532261699018,1.32707810201367,class-1,695
1.1877191771664,1.53556237791542,class-2,696
1.95429723802531,1.2446527815353,class-2,697
-0.627893337783289,-2.89183259895021,class-2,698
0.786604108616077,-0.54223771802783,class-1,699
0.906857695125735,-0.215498202319869,class-1,700
-0.983793917690822,0.990798088352208,class-1,701
-0.036776305695448,-1.01521340314522,class-1,702
0.967487749238639,-0.560935214223747,class-1,703
0.041722711215698,2.56252765933252,class-2,704
-1.47732804090614,0.257760882860111,class-2,705
-0.593795322256324,-0.965757415606259,class-1,706
0.816117436057333,-1.30804852155842,class-2,707
-0.503156904274267,-1.41156615518396,class-2,708
0.193569399253578,-0.602685847827789,class-0,709
1.9124094099168,0.864154213470886,class-2,710
-1.51753713201539,-0.996035127702664,class-2,711
-1.09922825035814,-0.351824172337222,class-1,712
-1.35833008420976,-1.00321419039004,class-2,713
0.026127472935789,-1.73492763213506,class-2,714
0.617670368265749,0.698249913777816,class-1,715
-0.335979509572945,0.432728599130184,class-0,716
0.569079259535643,1.23252488311791,class-1,717
1.20926611096874,-1.43956405337618,class-2,718
-0.800980793317708,1.50642172200158,class-2,719
1.26890964251583,0.434632365470634,class-1,720
-0.865513184776007,0.208355295959279,class-0,721
0.219917150605934,-1.32609505904686,class-1,722
0.798254071425445,-0.195860820087838,class-0,723
-0.844116617166126,-0.256140594035427,class-0,724
-2.51503845253501,0.028202711521928,class-2,725
1.06671883005433,-0.32191314113009,class-1,726
1.42025693244196,-0.534715607810645,class-2,727
-0.013384615653039,0.536416732395043,class-0,728
0.06651827396068,-0.632060757887059,class-0,729
1.44835085692928,-0.167424201683593,class-2,730
2.47938941870991,2.26718019509822,class-2,731
-0.128185469585767,0.659721199656394,class-0,732
0.195922148354277,1.86926928321624,class-2,733
-0.97311536022132,-1.87744288523611,class-2,734
0.116438240663394,-0.101038776881923,class-0,735
0.671480601006917,0.661422784083347,class-1,736
1.23863204804112,0.114710618163968,class-1,737
1.36938767259629,-1.7605785942416,class-2,738
0.389886819472395,-0.7723697843143,class-0,739
-1.40524919077331,-0.035789685938297,class-1,740
0.31403162435367,-1.0114220713711,class-1,741
1.46902339754077,-0.357943831401314,class-2,742
-1.23146874859421,1.30748418954334,class-2,743
-1.06925059395216,-1.93651873450812,class-2,744
-0.028090313408022,-0.22012368028997,class-0,745
-0.434110179495981,-0.54377943322334,class-0,746
0.537315657544204,1.3343503259493,class-1,747
0.13418517417772,0.112787862629093,class-0,748
-0.720229087518951,0.019094719957565,class-0,749
-1.21245727884923,1.13548501636277,class-2,750
0.41515398434871,-0.662079788333969,class-0,751
-0.864722134519088,-1.2100707201012,class-2,752
1.88229223383419,0.009931019733271,class-2,753
1.59604849139556,-0.356738563259028,class-2,754
-0.03917237060622,-0.062555085988374,class-0,755
1.16512373982013,0.021881320571318,class-1,756
-0.591116737384709,0.763260921874842,class-1,757
0.598057696452909,-0.849386915155905,class-1,758
0.433880850900232,-2.62678625735071,class-2,759
-0.658273443201318,-0.393757316473212,class-0,760
-0.670250021726238,0.267406982355464,class-0,761
1.44758692451243,0.106174969746502,class-2,762
-0.800757552726218,-1.26442491961756,class-2,763
-0.501971707364694,-0.263254830263629,class-0,764
1.48271479417241,-0.481073557384484,class-2,765
-0.136783274969429,1.08983553645043,class-1,766
0.081563034984366,1.30655746176435,class-1,767
0.219231667754974,1.28926986271564,class-1,768
0.806564176680999,0.206049517879513,class-0,769
-0.549146977045717,1.26967883960213,class-1,770
-1.15631711233464,2.25627226513785,class-2,771
-0.012581382817598,0.722683441205961,class-0,772
-1.98015045905499,-0.501728904928878,class-2,773
0.37121286805683,1.15323857854524,class-1,774
-0.488391730817032,0.420117998251973,class-0,775
-1.77600233893854,0.927407491788805,class-2,776
-1.51227559274107,-0.899374127154654,class-2,777
0.286917428672323,-0.115622114957455,class-0,778
0.290741096951179,-0.360687469477459,class-0,779
2.19082515987275,-1.37852935004325,class-2,780
-1.02480615333713,-0.520504907970588,class-1,781
-0.559731912140107,0.38242656173511,class-0,782
1.79632392648468,0.796982182713619,class-2,783
1.27063106065822,-0.707305340328333,class-2,784
-0.236236131497917,-0.528033838563305,class-0,785
0.232594908227816,-0.219750495842729,class-0,786
1.16939407369626,-0.192516223842553,class-1,787
1.36683646060545,-0.844279018522996,class-2,788
1.0871951843953,0.181839037205061,class-1,789
-0.97323177532805,-0.963715067856825,class-1,790
-0.279108474899694,1.02770440660569,class-1,791
-0.076389636266833,-0.147519564618056,class-0,792
0.287987594927325,0.783583068547293,class-0,793
-1.49587819805542,0.882104782240878,class-2,794
-1.53273536889576,1.03295473322861,class-2,795
0.644189860537551,-1.56458302611354,class-2,796
-0.91589739379972,-1.13848508993768,class-2,797
0.517421799189466,-0.567504933887124,class-0,798
1.58278725412209,0.274681073992853,class-2,799
0.806582095410735,-1.61146743083855,class-2,800
0.687863327187018,0.419665522598069,class-0,801
1.7266265064966,0.103797181096093,class-2,802
-0.965360544380214,1.67857595317409,class-2,803
-0.860060855123075,0.55684117855292,class-1,804
0.778910680212057,-0.091257552331629,class-0,805
1.85116594194671,0.161017885504456,class-2,806
0.053417480909544,-1.31348913169062,class-1,807
-0.570145879283036,0.618484512786522,class-0,808
-0.678485405025079,-0.038211027471321,class-0,809
1.07637199524118,0.592351921108173,class-1,810
-1.45071191774348,-0.316753329398518,class-2,811
-0.112247466951659,0.702953791906868,class-0,812
0.075920534259487,-1.61007144741438,class-2,813
-0.35480735018422,-0.378295274261212,class-0,814
-1.25873164926301,-1.00915828934963,class-2,815
-0.32391981654693,1.32999683754666,class-1,816
0.538728976052509,-0.211275255150314,class-0,817
1.68698786302539,1.67393841812252,class-2,818
-0.182662039863701,-0.436241770116817,class-0,819
-0.444155357632772,0.329373145583527,class-0,820
-0.752755349124777,-0.788836561636873,class-1,821
-1.32082377387896,2.23628365079599,class-2,822
0.448689768338907,1.55604943947706,class-2,823
0.746923469071059,1.95641825318845,class-2,824
0.088914325813079,1.09189131415411,class-1,825
-0.510812825769612,-0.040939328618838,class-0,826
-1.27436874637938,0.626076425507817,class-1,827
-0.310368783581295,-0.601148136595983,class-0,828
0.46619034234712,-1.75454210386627,class-2,829
0.177379170914468,-2.09987323221905,class-2,830
0.942568548536189,0.860456048422203,class-1,831
-0.808141854407269,-0.715471697131472,class-1,832
-0.78894076875907,-0.470828976513826,class-0,833
1.11546668309521,-0.665453933030897,class-1,834
0.249198542735656,0.421473449875903,class-0,835
-1.40810337381289,1.08182615104026,class-2,836
0.862433409555357,0.340508092742023,class-1,837
-0.430099203761946,0.086355315500371,class-0,838
-0.649053720428373,-0.34665336143011,class-0,839
0.081062870693657,-0.804990660930288,class-0,840
1.11882565370642,-0.743661613366765,class-1,841
0.154483995719061,0.110321105847191,class-0,842
-1.28293932929829,-0.921870971603262,class-2,843
-2.36490242539061,0.711515990268739,class-2,844
-0.208999960693732,-0.640529456507487,class-0,845
1.24403394813486,-2.20316046082586,class-2,846
-0.773725179509596,1.53806543610547,class-2,847
-0.574546976133879,-0.419863461086319,class-0,848
-1.10964550452076,-0.839825247452167,class-1,849
-0.934351608578511,-0.666238724258228,class-1,850
-0.428345239705862,-2.0469346867228,class-2,851
0.801830982544919,-0.596988390975772,class-1,852
0.9830827052059,-0.308721153278508,class-1,853
-0.036595862562551,0.355977123959746,class-0,854
0.39440853272418,-0.171456824973134,class-0,855
-0.792368894804311,0.339054451132979,class-0,856
-0.244444329924364,-1.00135849923055,class-1,857
0.337933720634662,-0.250398647370086,class-0,858
0.808929200471298,-0.710452549834951,class-1,859
-2.32163040669992,-1.06569971735544,class-2,860
-1.25676134489564,0.585490743749616,class-1,861
0.099925172217241,0.86575273300959,class-0,862
-0.898767224527399,-2.00294902067216,class-2,863
0.583954994878134,-1.90445224025692,class-2,864
-1.65506299233319,2.13655912880272,class-2,865
2.19190735474442,0.680657939531544,class-2,866
0.562316620623258,0.417263447858186,class-0,867
0.201899559628451,-0.777918812667381,class-0,868
0.841504679815997,0.36962035433933,class-0,869
0.881123139279526,0.70187578130792,class-1,870
-1.28314500844626,1.31728280777758,class-2,871
0.05402072604749,1.34666582283679,class-1,872
1.434540208717,1.38398049117202,class-2,873
0.852345166461767,-0.006346421072835,class-0,874
1.3891630478706,0.811088339789591,class-2,875
-0.411057791867043,-0.130949222184473,class-0,876
-0.669004622879817,-0.957505283315541,class-1,877
-2.19961071850055,-1.71243945756431,class-2,878
0.153548638320741,0.142503822576166,class-0,879
-0.503080539104655,-1.25006848920639,class-1,880
0.053522797899045,0.242937354425707,class-0,881
0.499411069194603,-0.280576677944809,class-0,882
-0.083168710802036,1.21172429847069,class-1,883
-0.004003141835184,-0.249175837943958,class-0,884
0.205266893601085,-0.262296012189833,class-0,885
0.330142615789073,0.894367887212375,class-1,886
-0.597760332776429,0.168999660311154,class-0,887
0.438382580128403,-1.03171701193356,class-1,888
-0.817401811088721,0.435674910905911,class-1,889
0.351288809424542,1.68989345662629,class-2,890
0.451610682726256,-0.365537283758172,class-0,891
0.91674491905922,-0.692731464488684,class-1,892
-0.90042922546449,0.592101961043143,class-1,893
0.849716756404611,-0.57528970990277,class-1,894
-0.020018899344429,0.383611970787932,class-0,895
1.09072358614983,1.29051541887056,class-2,896
-0.92837166982222,0.567757077086069,class-1,897
-0.386455230755926,0.906565760683701,class-1,898
-0.561885663547429,-1.32860521959556,class-1,899
-0.36953084625636,-0.041608457731061,class-0,900
0.990194756489846,0.424756181132362,class-1,901
-1.29602362025139,0.507081258759549,class-1,902
-0.991660442633666,0.689431570515132,class-1,903
-0.582636874299451,-0.171249175437086,class-0,904
0.254258279740996,-0.372088241452955,class-0,905
0.308085660759141,-0.030385489509986,class-0,906
0.129064798240169,-0.488981487429158,class-0,907
-0.183663032502467,-0.834763389392396,class-0,908
0.271873162770017,1.1581108480243,class-1,909
1.72185116294433,-0.084259446834505,class-2,910
-0.05905208225984,1.78931308586417,class-2,911
-0.129531407722434,-1.3852570895073,class-1,912
-0.622127837256714,-0.553687742029664,class-0,913
-1.33787349121023,0.551559270212424,class-2,914
-0.309882073643751,-1.79425723051006,class-2,915
1.44471249436428,-0.038713823380341,class-2,916
1.77138897438902,0.491202938501001,class-2,917
-0.054612674058093,-0.239898917080161,class-0,918
-1.39194624070316,-1.01104176460981,class-2,919
-0.232671908519999,-1.04647794262443,class-1,920
-1.12095822520636,-2.01875370658329,class-2,921
-0.86001336157854,-1.03001457586311,class-1,922
0.560306441323106,-0.615628674497565,class-0,923
-0.369568852853781,-1.12351620491083,class-1,924
1.30408846004699,1.83876842376637,class-2,925
-0.869980192474908,-0.659626301059912,class-1,926
0.858618398076015,-0.468064002490745,class-1,927
-1.41495261071644,-2.59314618434174,class-2,928
-0.098438986155632,-0.433966142072811,class-0,929
-0.596395217935485,1.07426761290987,class-1,930
-0.654200284875677,1.04236046249281,class-1,931
-0.185337122815758,-1.74106931006265,class-2,932
-1.56491336921927,-0.217193350060965,class-2,933
0.110682405655826,0.125699822176984,class-0,934
0.51356842735338,1.86703710881123,class-2,935
1.21282098503187,-0.5034355591612,class-1,936
-0.793936674104834,-2.77453686543439,class-2,937
1.47516134740669,-0.78861469776263,class-2,938
-0.353495446201687,-1.03816914708693,class-1,939
1.60654738628833,-0.897566685000367,class-2,940
-0.071537212064513,-0.643324395764655,class-0,941
1.56094979909907,2.03503270136591,class-2,942
2.25675139643412,-0.30742344459826,class-2,943
-0.198640259656028,0.632967650600809,class-0,944
-2.54349818295547,1.98713097067011,class-2,945
-0.366501055512101,-1.28012530693319,class-1,946
-0.106675681944321,1.14925935003063,class-1,947
0.128553923390065,-0.373781605191029,class-0,948
0.823194102692887,0.683190910365313,class-1,949
-0.293538842157567,0.113134237679972,class-0,950
-0.90926010323285,0.290544259479746,class-1,951
-0.018349020904107,1.31178390020758,class-1,952
0.937391149279786,-0.223350540883736,class-1,953
0.591984685124553,0.895008668060121,class-1,954
-1.09543345729459,0.546073513137111,class-1,955
-0.913198905781611,-0.282180579025249,class-1,956
-0.148527552361633,0.736389470184597,class-0,957
-0.739350619366488,-0.721787201234409,class-1,958
-0.06700714194351,-0.571374221449912,class-0,959
0.977568032161546,-0.752844769385724,class-1,960
-0.424593579480194,-0.220513084657671,class-0,961
0.722696009522619,-0.862352373063444,class-1,962
-0.473170070636038,-0.030570163417495,class-0,963
-0.47700237991296,0.666450316713389,class-0,964
-0.268994507303341,1.56517193252888,class-2,965
0.460255863510126,1.3091443869176,class-1,966
-1.37604226378935,-0.339601634488367,class-1,967
0.226508649672011,0.255053348889577,class-0,968
-0.865866437129059,-0.719243337962966,class-1,969
-0.114287955601886,-0.157297425200903,class-0,970
1.03186798253483,1.34580326736287,class-2,971
0.843414309396,0.495212953124112,class-1,972
1.0195918130308,-1.47694730964535,class-2,973
-1.24417511267783,1.66431238772454,class-2,974
-1.07946211476733,-1.20241620193471,class-2,975
-0.355311886117934,0.610244375604746,class-0,976
-1.11955572608841,-0.739016870021148,class-1,977
1.14085549562166,-0.018492588393048,class-1,978
0.031966559270128,1.29233321416817,class-1,979
-0.646945171249615,-1.01656087901235,class-1,980
-0.558994727881998,0.340059366860801,class-0,981
-1.68856231678968,1.14216002825286,class-2,982
0.184564352545378,0.889171723534396,class-0,983
1.53960684800151,-0.696152358963121,class-2,984
-1.40274272323627,1.00630482965152,class-2,985
-0.547629878514786,-0.44779755142267,class-0,986
0.060321914532972,-1.32327102310511,class-1,987
-1.1016619153794,0.63629316843861,class-1,988
-1.03381447018075,0.012477049335468,class-1,989
1.7657092664504,-0.627883214441789,class-2,990
-1.44151982696383,-0.523899828343927,class-2,991
-0.855567236423279,-1.02793676107334,class-1,992
0.677159712065787,-0.365362990772731,class-0,993
-0.24091124509362,-1.54565013969996,class-2,994
-0.909364769640613,0.02887572314901,class-0,995
-1.19818403260234,1.02922179123389,class-2,996
-1.41870853754747,0.213645881512471,class-1,997
-0.295976843405734,1.08360607983019,class-1,998
2.07737999559124,1.4212829829525,class-2,999
0.640397184911678,0.14897194932721,class-0,1000
-0.924497209255603,0.330166841192967,class-1,1001
-0.74119340026308,-0.644281817448549,class-1,1002
-0.043667019740272,-1.788989412797,class-2,1003
0.988680560344739,0.318105056052626,class-1,1004
1.44619466549539,-1.38889155417308,class-2,1005
0.894049597324794,-0.496710823930408,class-1,1006
0.262362380323663,1.05119401098604,class-1,1007
-0.859340283699311,1.14238514397413,class-1,1008
0.026327833942649,0.733452883141085,class-0,1009
-2.57388211506442,-0.25437677580555,class-2,1010
-0.971098181584315,-2.24295537505979,class-2,1011
-0.791384486082052,0.339435554810899,class-0,1012
-0.432601106556766,-0.791148110550301,class-0,1013
0.365300993021789,1.40207214721784,class-2,1014
1.13115127828618,0.102954416988911,class-1,1015
-1.23583774135223,0.174375385675017,class-1,1016
-1.1417640925158,0.535577446888429,class-1,1017
0.11559799706372,-1.11640477995003,class-1,1018
-0.397512638909862,-0.31578237644017,class-0,1019
-0.398336444130237,1.18536978082379,class-1,1020
0.273199199022044,0.44319865991573,class-0,1021
0.68789996799591,1.64072894100553,class-2,1022
0.348289330099759,-0.732468457011654,class-0,1023
-1.01062117078941,1.76098958522535,class-2,1024
-0.284766977537196,-0.631484732685301,class-0,1025
-0.190817405454345,-0.03687956134379,class-0,1026
1.67016258734893,-0.435818977166231,class-2,1027
1.72511733225857,0.672060519093767,class-2,1028
-0.271205193260726,-0.611322779219108,class-0,1029
1.18420914596169,-0.819865545033752,class-1,1030
-0.382775182178321,-1.04025026699081,class-1,1031
-0.92378643619296,0.767476072520033,class-1,1032
1.34814784860697,-0.764945240878284,class-2,1033
-0.272427701244291,-0.074910844655019,class-0,1034
-0.025008706309042,2.10567706634063,class-2,1035
0.625148863510392,0.37921565683347,class-0,1036
0.153022593725885,-0.40318926655379,class-0,1037
-0.22965726872843,-1.93523058480776,class-2,1038
-1.75819300727597,0.638450935164565,class-2,1039
-0.847429692117946,0.538806211751954,class-1,1040
-0.337650729593148,-0.350445484236217,class-0,1041
-1.10661941068128,0.572821005526265,class-1,1042
2.06082280113535,0.571247659588497,class-2,1043
-0.376995159167036,0.575779782666453,class-0,1044
1.04998429257138,-0.31778060433607,class-1,1045
-1.65236701570381,-1.47503719834012,class-2,1046
0.873659676894294,-0.497263966636179,class-1,1047
0.615700729362553,-0.565173631605979,class-0,1048
-0.240227866272449,0.916051323118311,class-1,1049
-1.60735965700258,-0.899787862784173,class-2,1050
0.578117097473893,-0.522402134227026,class-0,1051
0.042932245214413,1.34467612010213,class-1,1052
-0.594366372346206,-0.192323913072365,class-0,1053
0.043529810758111,1.60830547205539,class-2,1054
-1.93344110678598,1.68879391330991,class-2,1055
0.184900816928977,-1.05296507840031,class-1,1056
0.305614361251216,-1.61266175804023,class-2,1057
1.64906628720049,0.626490401510558,class-2,1058
0.408345164394778,-0.004699404440172,class-0,1059
-0.00350799200854,-0.970003967509043,class-1,1060
0.227929670009953,-0.978809210799061,class-1,1061
-0.835994841596283,1.27438808733172,class-2,1062
-0.458136987213734,-0.357717182269244,class-0,1063
1.06201617679554,0.167517612530042,class-1,1064
-0.429465143501158,0.883046127701029,class-1,1065
0.242347278364724,-1.34613603595594,class-1,1066
-0.63682644972334,-1.85771986135771,class-2,1067
-0.599874168600816,1.09832920069405,class-1,1068
-0.769768877880877,-0.56045509827994,class-1,1069
0.57990896747192,1.19965867585857,class-1,1070
-1.09112903720282,0.287865898322813,class-1,1071
-2.4923562029029,-0.982240079223186,class-2,1072
-0.555012119449687,1.33080724203441,class-1,1073
-0.420395122361627,1.36261702661337,class-1,1074
0.404914098959129,-0.042335658198237,class-0,1075
-0.757310513677961,0.648088364660409,class-1,1076
1.44701066677481,1.32839054541181,class-2,1077
-1.10228032186315,-0.849919545688646,class-1,1078
-0.342577072081552,-1.76558280243752,class-2,1079
-0.201820096934548,0.319886140274509,class-0,1080
0.265198635948302,-0.646315295769344,class-0,1081
-0.293738086558075,-1.28820560698252,class-1,1082
0.202020936990007,0.214940169938933,class-0,1083
0.257962161581658,-1.01956163171989,class-1,1084
0.313049709913146,-0.037659943525441,class-0,1085
1.13890875407441,0.110033090047506,class-1,1086
1.15029602630139,0.279842660997609,class-1,1087
2.10944459464246,0.784600318436708,class-2,1088
-0.411389830027491,-0.484049636387018,class-0,1089
0.565716979552869,-0.435163662628199,class-0,1090
-0.236580350729141,-0.396393835047805,class-0,1091
0.801164019823923,2.11087263702428,class-2,1092
-0.460017161026295,-0.952558122818563,class-1,1093
0.650459960737697,0.433989825006704,class-0,1094
0.784990578846156,1.11627566375512,class-1,1095
-0.026691215160519,-0.873568533890558,class-0,1096
-1.11257830201105,-1.03030647329434,class-2,1097
-0.917852431895937,-0.645511926089396,class-1,1098
0.084782864643959,-0.084652541848428,class-0,1099
-0.027715566245399,-0.37147149986155,class-0,1100
-1.09355714588824,-0.82247091284929,class-1,1101
0.619566472178107,0.410730663269093,class-0,1102
-1.24161621979603,0.166265645900733,class-1,1103
0.253861209014585,1.5689344956775,class-2,1104
0.639269537856917,-1.46620783089617,class-2,1105
-0.204621751264868,0.004813307376785,class-0,1106
1.64053357089237,-0.655578997329579,class-2,1107
-0.771545086951487,-1.27753582213295,class-2,1108
-0.384238018463671,0.521808740018732,class-0,1109
-0.196522119427383,0.949173706427672,class-1,1110
0.315735898877357,0.305629230458154,class-0,1111
-0.545445998939743,-0.049033373433478,class-0,1112
1.10845665644282,0.418098605437235,class-1,1113
1.12190571098213,-0.818403930528684,class-1,1114
1.51752010906387,1.69532953286969,class-2,1115
-0.156507030835373,1.30831583089144,class-1,1116
-0.434480712549647,-1.51571033840124,class-2,1117
0.810080651909186,-1.07787410296873,class-1,1118
0.103938834148899,-0.579052547947254,class-0,1119
1.4615262062765,-0.872153679193295,class-2,1120
2.21089099280078,0.352689539822612,class-2,1121
-0.30224967592152,0.223511106329165,class-0,1122
0.560237039488457,-0.810383694424985,class-1,1123
2.19952663116133,0.532030193292452,class-2,1124
1.62814954575686,0.755925191643794,class-2,1125
-1.96132765616763,-0.564394641506703,class-2,1126
1.15979124528931,-0.376914225413896,class-1,1127
-0.647572995574399,-0.798190624421264,class-1,1128
2.01048163459158,-0.990695120944099,class-2,1129
0.01064224323265,-0.224230206604748,class-0,1130
-0.00482462190513,0.773013362253811,class-0,1131
0.750446570887373,-1.30132307890565,class-2,1132
0.952680412841671,1.83039385612817,class-2,1133
-0.699318207827662,1.16245828659231,class-1,1134
0.450776253650769,0.707626329822504,class-0,1135
-0.388744825205782,2.35160205337445,class-2,1136
-1.11474770732489,0.09767585556028,class-1,1137
-0.655636379646853,0.148750896235215,class-0,1138
-0.049376903556185,-0.302964454901929,class-0,1139
-1.87956062801002,-1.18907286580385,class-2,1140
-0.057096610836053,0.733645146681296,class-0,1141
1.60838931135719,0.354968254757666,class-2,1142
0.677639688483347,0.790501360661723,class-1,1143
0.202054616025646,0.652388716243566,class-0,1144
-0.025402450744925,-1.02030154726147,class-1,1145
-1.73003373943529,1.88327576741106,class-2,1146
0.129136953145172,-0.176355336418683,class-0,1147
-1.6229275808301,0.353430866486412,class-2,1148
-0.607526342346476,0.760769641959354,class-1,1149
0.208504821163242,-0.159615825248212,class-0,1150
1.46173813353489,0.161051478596589,class-2,1151
-1.03562234747533,1.10706423606513,class-2,1152
1.54452600367809,0.945193727013594,class-2,1153
0.189711728725525,0.901610914568407,class-0,1154
0.654492490071204,0.005833546665434,class-0,1155
-0.3242360108482,0.80292396908066,class-0,1156
-0.981645070175222,-1.05852005004256,class-2,1157
1.68354649877845,-0.527121385415116,class-2,1158
-0.074955965009401,0.485549295302136,class-0,1159
0.23948946811278,0.399649105418968,class-0,1160
-1.96270758000844,-0.394626812198399,class-2,1161
0.062676050161978,0.089856162913382,class-0,1162
1.61657049411742,-1.0987024773847,class-2,1163
-0.813543754397921,-1.93558467951706,class-2,1164
-0.438259117378562,-0.538159001206728,class-0,1165
-1.40091932810913,0.060442789925814,class-1,1166
0.465045461015182,0.166652828563513,class-0,1167
-1.24552058950134,-0.729940945902048,class-2,1168
0.579178019291714,0.348272226402725,class-0,1169
1.63682569011245,-1.00581267036211,class-2,1170
1.27069958509219,0.630815849144619,class-1,1171
1.21950356871225,1.03620183213172,class-2,1172
-0.104124154224523,0.779755496288821,class-0,1173
0.388242647785344,-0.696419792922603,class-0,1174
0.256054864283259,-0.32323796452209,class-0,1175
-0.817283750033077,0.77578565679322,class-1,1176
0.154608429520778,1.18004536881117,class-1,1177
1.33218911076079,0.22659199149281,class-1,1178
0.372832991798632,0.470514761760802,class-0,1179
1.11369423768368,-1.94506873286371,class-2,1180
-0.388574103239126,-0.884816366689647,class-1,1181
1.05412867601898,1.49358276930887,class-2,1182
-1.74838165614086,0.133093735136784,class-2,1183
-0.480202374147019,0.714086112952531,class-0,1184
0.447359302190611,-1.21392738065256,class-1,1185
0.530191307342912,-1.95844154213464,class-2,1186
-0.447259590882838,1.349583239047,class-1,1187
-0.002166453227886,1.27205898233988,class-1,1188
-0.219423925923507,-0.088919700518762,class-0,1189
0.842449924906144,-0.36271568957993,class-0,1190
0.322466901001747,-0.223067035480742,class-0,1191
0.59578780159936,-1.01740502128971,class-1,1192
-1.00697327180191,-0.312715800017376,class-1,1193
-0.134046583257195,-2.40734420698394,class-2,1194
0.921414180674479,-0.753913529366644,class-1,1195
0.257430076058013,-0.970760663402551,class-1,1196
1.55304107629265,-2.48198633572031,class-2,1197
-0.052019688458014,1.64152694864415,class-2,1198
0.45568702891469,0.663099246740173,class-0,1199
0.734260917176725,-0.993378205583857,class-1,1200
0.865558448757242,0.657598481704491,class-1,1201
-0.432900818785147,0.314448917351962,class-0,1202
-0.728545022320007,-1.2780584791178,class-2,1203
-1.41014100498032,-0.780540098229326,class-2,1204
-0.91238745251239,0.188467729066277,class-1,1205
1.16688787568986,0.509536295435931,class-1,1206
1.58337788152953,-1.44806342864313,class-2,1207
-0.619236464979442,0.313118829747264,class-0,1208
2.67797727616988,0.064694439096371,class-2,1209
-0.083981868806173,-0.050709219865484,class-0,1210
-0.303230924042868,-0.034114902514345,class-0,1211
1.18135922325357,-1.19937711540993,class-2,1212
0.662481060164516,-0.86622694800725,class-1,1213
1.26536609303156,1.48666366425317,class-2,1214
-0.754206081395047,1.04821026876173,class-1,1215
1.58169896812149,-0.583563472315926,class-2,1216
-2.165481585713,0.304636296348051,class-2,1217
0.26628373044863,-1.80874701564225,class-2,1218
-0.954039135544358,0.110259117488909,class-1,1219
-0.807442225074247,-0.997955287023172,class-1,1220
-1.56562445638945,1.02591798571928,class-2,1221
-0.649821478140821,0.133959907165645,class-0,1222
1.31429501051775,0.131669434635387,class-1,1223
-1.98734017686024,-0.257460184911425,class-2,1224
0.263851701073935,-1.52441533812098,class-2,1225
-0.460406615639242,0.86474469164084,class-1,1226
-0.993456226056678,0.579399239174003,class-1,1227
0.389600394794567,-1.22859851570381,class-1,1228
0.227653282631304,-2.11591999547099,class-2,1229
0.087314974008564,0.546691605771313,class-0,1230
-0.37732151011826,2.02580709191125,class-2,1231
0.791209039012881,-0.508260350895131,class-1,1232
-0.771469645221493,1.39696158045784,class-2,1233
2.04174591056285,0.942312210267868,class-2,1234
-1.80555726141702,1.3738078274271,class-2,1235
0.0143232582106,0.156187822940877,class-0,1236
0.426119526404661,-0.183191345717122,class-0,1237
-1.09809129343602,0.039154591813125,class-1,1238
-0.835285705590758,0.070248578214794,class-0,1239
-0.795689762995276,-0.183846880721879,class-0,1240
-0.263745387848605,1.00265091298783,class-1,1241
-1.0232277661433,-0.794426053468681,class-1,1242
0.231512739295571,-3.35161051690468,class-2,1243
-1.44205954185821,-1.8772241068053,class-2,1244
0.753461451658329,0.617240454356382,class-1,1245
0.341127313439709,-1.2875190260593,class-1,1246
-1.19019902809551,1.08735682571596,class-2,1247
0.470473656116732,1.94781678725432,class-2,1248
-0.41777979743178,0.942238151497362,class-1,1249
-0.036813506178283,-0.198476515075756,class-0,1250
0.775767217403177,1.37206142394969,class-2,1251
-0.158741726769372,-0.61713517510239,class-0,1252
0.850093989316809,0.87571586240098,class-1,1253
-0.203840930738649,-0.582307569532763,class-0,1254
-0.878270073673366,0.961956619555378,class-1,1255
1.44693353819956,0.140938885591437,class-2,1256
0.757662872939976,-0.007515364270778,class-0,1257
-0.503421053326831,-0.14160981015581,class-0,1258
0.048668736883051,0.956856879275574,class-1,1259
0.683418504623424,-0.594134576774887,class-0,1260
0.818127286248184,-2.10685039135781,class-2,1261
1.2386957690644,1.3111558681126,class-2,1262
1.05553697364942,0.010344015835762,class-1,1263
0.696730909231844,0.989074210695477,class-1,1264
0.285918660475982,-0.818996690158677,class-0,1265
0.15529984148244,-1.83439130628058,class-2,1266
1.37479891456317,-1.09678583744935,class-2,1267
-0.414458101770326,-0.608586086006421,class-0,1268
-0.136447463354171,-1.61783390555832,class-2,1269
0.42447309424791,-0.168093465965244,class-0,1270
0.30612070101196,0.784299769722615,class-0,1271
-0.297108947198541,-0.336646604365286,class-0,1272
-0.236642185531046,1.15029053091616,class-1,1273
0.425178842274702,0.335657989648898,class-0,1274
1.33175697039455,0.043873359828975,class-1,1275
0.953671678165781,-0.044764807386508,class-1,1276
1.31007309443785,0.039163904361859,class-1,1277
-0.211336085550992,-0.11740085915496,class-0,1278
0.773107206695237,-1.15517975114043,class-1,1279
0.576838167874594,-2.39172165771279,class-2,1280
0.207649335404092,1.05994055605915,class-1,1281
1.93468122941382,-1.07430538622649,class-2,1282
0.536377852601704,0.366565757193122,class-0,1283
-1.50487599282913,0.125983954448911,class-2,1284
-0.520382120202395,-0.271455735452074,class-0,1285
-0.622653198461371,0.110368856716915,class-0,1286
0.374278180481145,-1.83850683180255,class-2,1287
0.214807522877016,-1.4310186480794,class-2,1288
-0.438585710684677,0.355031598170838,class-0,1289
0.096260776403383,-1.44388957746391,class-2,1290
-1.40375664505258,-1.45316514625428,class-2,1291
0.181674272903472,-0.7589048395204,class-0,1292
-0.934147713107844,0.613958408270814,class-1,1293
-1.18194285092752,0.835494277920761,class-2,1294
1.19522067152171,0.478202261901758,class-1,1295
-2.17658108562412,0.741639746464775,class-2,1296
0.312069597794968,0.149931670063391,class-0,1297
0.859257224999841,0.346177745832742,class-1,1298
0.23374717642291,-1.07197491627418,class-1,1299
-0.185165228974874,-1.59280279935249,class-2,1300
0.326798909889781,1.62900960334927,class-2,1301
-0.121079961409044,0.0368121457654,class-0,1302
0.494595748321098,-0.116657209832271,class-0,1303
-0.392314768733903,-0.422512734422043,class-0,1304
-1.76492038414484,-0.293847036347106,class-2,1305
-0.425788842914798,0.471105799862487,class-0,1306
-1.16750035934703,0.321550513047476,class-1,1307
-0.444894346548847,-0.90336095754769,class-1,1308
1.01206786470386,-2.28414785748234,class-2,1309
-1.35782246203755,-0.322564784101977,class-1,1310
0.357624259323894,-0.837319079331392,class-0,1311
0.397701770507296,0.157750781029715,class-0,1312
0.386307881780868,-0.387899208684058,class-0,1313
1.47812682617326,-0.495696742689945,class-2,1314
-0.123178214810049,1.11926294477526,class-1,1315
-1.00718369380604,0.16772582205122,class-1,1316
-1.43654273404423,-0.579973599140824,class-2,1317
0.177710445030199,0.637338547767729,class-0,1318
-0.610889891568589,1.19453187450644,class-1,1319
-1.03695100597494,-0.048206081487063,class-1,1320
-0.813012121720372,0.733989227418566,class-1,1321
2.03329376946646,0.085353618887809,class-2,1322
1.02767767480103,0.131102090685918,class-1,1323
-0.948721822921125,-2.16184546175263,class-2,1324
-0.121325279308365,-0.407550020170479,class-0,1325
0.617030170320696,0.36738869063063,class-0,1326
-1.64779810838404,0.169441830859686,class-2,1327
0.636155485039435,-1.62353338439841,class-2,1328
-0.383690419580984,0.954013815847307,class-1,1329
-2.36396849425218,-1.05517847210316,class-2,1330
0.837507872483239,1.30687409587527,class-2,1331
0.37249570979,1.59912233514938,class-2,1332
-1.15362399028268,0.113624457494327,class-1,1333
0.078793018207846,0.167362453511703,class-0,1334
-0.834364178996017,1.17142634776387,class-1,1335
-1.81402634810815,0.107704147791731,class-2,1336
0.156378122918278,0.331971733953483,class-0,1337
0.243244569855627,0.717690741439463,class-0,1338
0.029965440097252,0.197026832877301,class-0,1339
0.293393955641903,-0.074964950839048,class-0,1340
0.278619192065918,-1.42733358951547,class-2,1341
-0.85908794236407,1.19533611800282,class-2,1342
1.17720679805225,0.637353682875395,class-1,1343
1.06448275360857,0.562368291616678,class-1,1344
-0.932112746456269,-1.22202087157015,class-2,1345
0.184813270764185,0.460419729440048,class-0,1346
1.43446686934605,0.257130652418621,class-2,1347
-1.00626935432549,-0.343976071433796,class-1,1348
-0.109108517652569,-0.488597581992664,class-0,1349
-0.392521704928799,-0.60913476921381,class-0,1350
0.909810222453572,-1.46460206325062,class-2,1351
0.721529029457191,0.107315914661961,class-0,1352
-0.287591019450188,-0.941589517350645,class-1,1353
0.410429753194502,0.195674063230978,class-0,1354
-0.393981363302421,-0.41182615431892,class-0,1355
-1.99393083626804,1.21833731558538,class-2,1356
0.429624940633675,1.36514876189208,class-1,1357
0.853724672257277,0.236325902727775,class-0,1358
0.808985515032976,0.305319779547066,class-0,1359
0.457516490126748,0.860262971401195,class-1,1360
0.881071573622613,1.5560005718392,class-2,1361
0.727319847020715,-0.674220406311864,class-1,1362
-0.392321002512742,-0.174396318344798,class-0,1363
0.542463861500237,1.25435686857271,class-1,1364
-0.765280061943342,-2.39749887112966,class-2,1365
1.20845050801815,1.70282700600928,class-2,1366
-0.449675073146224,1.731899467363,class-2,1367
-0.962189179980685,0.502447266729007,class-1,1368
-0.045880781980919,2.04298452535126,class-2,1369
-1.12306056014455,-0.32422481899829,class-1,1370
-0.348984696623586,-0.355083898224046,class-0,1371
1.6190092872873,-0.154614141546906,class-2,1372
-0.664224181353224,0.881599745978208,class-1,1373
0.069548087757243,0.722588501620106,class-0,1374
0.113096137820237,-0.93932673786594,class-1,1375
-0.054981143300898,-0.465822078919609,class-0,1376
1.25095447422685,0.226228820584087,class-1,1377
0.038865562048564,0.154315831633586,class-0,1378
-0.51791265005379,0.241048477108165,class-0,1379
-0.150640720281524,0.322415982711127,class-0,1380
-0.014936777320765,-0.33484848360478,class-0,1381
2.02360056754248,-0.282100020037286,class-2,1382
1.23198447126964,-2.53738859606988,class-2,1383
0.229403247831435,-1.08113711279766,class-1,1384
0.029046772381744,1.07531413935935,class-1,1385
0.839593545667205,-0.968831631546753,class-1,1386
-0.870267550180973,-0.213712151995881,class-0,1387
-0.760180731228734,0.038506982495759,class-0,1388
1.14398791920216,-2.0155994366631,class-2,1389
-0.076096768611959,-1.21739611898927,class-1,1390
-0.3880979070996,-1.38898513617246,class-1,1391
0.030925417782499,-0.431146883181938,class-0,1392
1.55872121284344,-1.08707237656951,class-2,1393
1.51694678970864,1.35113591326123,class-2,1394
-2.61924272691689,-1.39706892031046,class-2,1395
-0.20085147829062,-0.141695676047623,class-0,1396
-0.308549601673787,0.686946492647222,class-0,1397
-1.71875089286216,1.27498911930004,class-2,1398
-0.147300397255018,-0.532660972508759,class-0,1399
1.06411418333471,-0.099380330126423,class-1,1400
-0.598367810230219,1.64104662972896,class-2,1401
-0.810851134140681,2.21834348301139,class-2,1402
-0.040571826745176,-1.17866308947125,class-1,1403
0.972090818756461,1.30343344151574,class-2,1404
0.701849285492093,-0.061952746098097,class-0,1405
0.721092796486096,-0.328115333168542,class-0,1406
1.13123009165901,-0.06653215344189,class-1,1407
0.160978947178999,2.53351616534653,class-2,1408
-0.172163114278046,-0.860901108493503,class-0,1409
-0.767421000071675,-0.876384733445303,class-1,1410
0.681185650124113,0.502019270996865,class-0,1411
0.759210999919833,0.583886294375313,class-1,1412
-0.562600281653692,-0.601583681414276,class-0,1413
0.21345301927981,0.828709435219917,class-0,1414
-0.336322368579662,-1.55383418569502,class-2,1415
1.49393819979834,0.527902648942897,class-2,1416
-2.43390225654803,0.185767492086771,class-2,1417
-0.983122134581842,-1.61880530885768,class-2,1418
-0.623464340356027,0.744898449393693,class-1,1419
-0.467557109820684,-0.01513006936097,class-0,1420
-0.767017526902,1.47768187793768,class-2,1421
-0.290806080144038,-0.407823086068544,class-0,1422
0.297921065259803,0.28873239471996,class-0,1423
1.28209892095855,0.116869382341113,class-1,1424
0.128934191247815,-0.945252658077477,class-1,1425
0.909651539558826,-0.710186949441712,class-1,1426
-0.938177375427706,0.141861055207499,class-1,1427
-2.51714314209624,-1.35779089525788,class-2,1428
-0.419315545331721,0.249011676364524,class-0,1429
-1.02341931035065,0.301722512682898,class-1,1430
1.34932506294584,1.6614410137284,class-2,1431
-0.039004200618654,0.222434136969928,class-0,1432
1.11451628421846,1.11394863321566,class-2,1433
-0.324832373669319,0.656357450629291,class-0,1434
-1.38839014077169,-0.217283696936824,class-1,1435
-1.07415338187661,1.2826486412966,class-2,1436
-1.96914728597355,-0.218251163742837,class-2,1437
0.840838759366656,-0.355682910257886,class-0,1438
1.01835538422827,0.465346173526646,class-1,1439
1.21426965045928,-0.867999999538547,class-2,1440
0.291730377253408,-0.183178268905229,class-0,1441
1.03939505304214,0.496664734227375,class-1,1442
0.634241143059222,0.475285589319892,class-0,1443
-0.49749865840514,-0.688503507927176,class-0,1444
0.165733360864917,-0.550132750120291,class-0,1445
0.85605922349704,0.957789735136867,class-1,1446
-0.835954079580696,-0.10287704409166,class-0,1447
-1.57770209163286,0.47114374976209,class-2,1448
-0.803363796060271,-2.12997687558295,class-2,1449
-0.934678710483255,0.211457753867236,class-1,1450
0.791029859957903,0.411395877158361,class-0,1451
0.226300934821867,0.427455924995116,class-0,1452
0.555575608141035,-2.15559093974311,class-2,1453
-0.999752801088131,-0.783522184135382,class-1,1454
-0.296896851320504,0.06886201461507,class-0,1455
0.475366034347212,-0.146342353654836,class-0,1456
0.107160227782243,1.19669081765464,class-1,1457
-0.468557486325859,-0.566987475809427,class-0,1458
-0.810564709625365,-1.7360957585985,class-2,1459
0.05557555999816,2.54683328144864,class-2,1460
-0.360031496994957,0.524204170901547,class-0,1461
-0.550691571530313,0.944289642182281,class-1,1462
1.54571229765922,-0.749143264693601,class-2,1463
-0.092341362991852,-1.29078886615059,class-1,1464
-0.691374497413936,1.04513454838427,class-1,1465
1.70445455039416,-1.22832239508089,class-2,1466
0.162669998997532,-0.856306569443149,class-0,1467
1.88236185851348,0.786312709880447,class-2,1468
-0.885954313294596,-0.091174233518563,class-0,1469
-0.238278460699583,-1.01373799141586,class-1,1470
1.57013141557971,-0.127974635528515,class-2,1471
0.135071879861794,-1.22773534160452,class-1,1472
-0.167196143072352,0.666166065471662,class-0,1473
0.276496143373883,-3.33950017825424,class-2,1474
-1.19810406326422,-1.27315976924253,class-2,1475
-1.28976558176506,0.266986985527651,class-1,1476
1.21971074989019,0.796092705998569,class-2,1477
0.298377452601179,-0.634906919742415,class-0,1478
-0.22425515875757,-0.594176748729957,class-0,1479
-0.902086265851742,1.06064293048617,class-1,1480
-0.122346902641105,-0.435156597854752,class-0,1481
0.418864747408981,0.863879821668837,class-1,1482
-0.151025953847053,-0.639050397085031,class-0,1483
1.14711192710824,-0.034979750114123,class-1,1484
-0.474697769637059,1.03311851539984,class-1,1485
1.27862388805115,0.653626887986965,class-1,1486
-0.439962912406577,0.549699418311005,class-0,1487
-0.557280300362701,-1.45683786939332,class-2,1488
0.750536115435306,0.698220836135479,class-1,1489
-1.72450478607479,-0.739332789356724,class-2,1490
1.70564294252544,0.11924332929589,class-2,1491
0.761421767396992,-1.25998147843832,class-2,1492
0.686566006151563,-2.21322734802683,class-2,1493
-0.008568288010766,-1.98903930715102,class-2,1494
1.03024021287028,-0.33362455179405,class-1,1495
0.762669550438552,-0.814789609970448,class-1,1496
0.787901401727659,-1.42516319606226,class-2,1497
0.369032331450256,0.607256509659655,class-0,1498
0.892249715753625,0.271795685132337,class-1,1499
0.202289056386289,-0.241202749800146,class-0,1500
